0xd3fea03d9690f0134b67243439d10cbf1fb2913b,1
0x43d7948ef338e67de609723b6b575724fac8ea74,82
0x026403ff2a1396d8d93864ca6ee6981a117aa9f1,6
0x140558dd7c4b58b7fa9978cf268ad2f02484d8ec,1
0x8e8665be566a0953bbedaca5d6261f2f33113ff1,1
0xf24ea6adb290e4a3f5d0c5da53d328e78dff2789,1
0x6cea1565c64c73e1252fb11dae5d8d8989cc7e29,3
0x4e0e76fea7f4c697947c870eefc3e026a0547139,1
0xcb1ce445d01d0bcd07236a77c895e09c3abe3b34,3
0xc6ab6cefeba2f1a135543f14b1ab73710e002a68,1
0x016ab691721a99da1c1489ca0ac8b549eb0f7713,5
0xf3d9281fa183b74f32b96e1c5244596045f4ede8,4
0x52fe45878f03ea2fd4dde458313a1207efb95944,1
0xbd67e827ec6051d60c0d50e7c6c6965db5910c80,2
0x8a2ab4edfee29693cd155eb233543c15b6cffdbf,76
0x71efa356038b6c09cfc5be9f749ddd85a069cada,1
0xfea6ed4e178b625bde2b4ab24e7717cbb5134728,1
0xe481e12e6b6e8c1d013874327aed2b870d6d1413,1
0x45f037560374a81c1efa077674406e2ac5175fa1,31
0x429842b2c529e92007e27866eb372f26a8728426,100
0xece01bf17ecc69d2d88b1a84db32f9b9c7bf6292,1
0xf87acaa7c2446ff1bd45827f55f7f75104ab8614,46
0x98a8b03cee14b8e58e1841e54ae4d0aa457ec687,5
0x47888d77cde1985ff382bf2317167ce9997057c1,1
0x10d6e12f9c54fdb2d6e003a4c58d3faf8a29a941,1
0xa84410a90214e2217e957c85690d4133912d81c1,67
0xcf2d4fcabc3d2e11447780a9599be211a5d2cd3b,2
0x491b2aa6118cdb4141b9645b134c8f3d8f65bb51,2
0xff9b563140952fb7e3e5552f1a5068b637f0de0a,1
0x78c9c8795de30869847559da7d578e4f4c436623,3
0x3e5497bd367979d7f71fa563f278238ac102890e,1
0xce64da4caf4c7d5a65c74fbacb16e170d300285d,2
0xd0d628acf9e985c94a4542cae88e0af7b2378c81,2
0x87e32d4631d728d6ad7ebcd133b11febc9da9b93,5
0x9367c167d5663e28bb60c1eeb93f7aab6ca63aea,2
0xd2f1bd876e2f1ea5d213b82ced5c8c307856ea2e,1
0xd5385ace9fbb4835237662111193fe9b8c99418a,37
0x0feb33473853ad1813d48a3026d1f42496e5ed35,1
0xab0ac7a49a3a4db65f7f2fc03fd3f64fb3bb5d5c,77
0x6a42dfac18a74747fcf146dc3fea290a6f457ae0,3
0xf1ea4404203f5688a35efb5d76b23a87b0975ae1,2
0x56a0bba677e15767935a0e410e25bd80a2aaad2c,1
0x562257821731283b842cf689df9941ddbec3a2a5,1
0x703e8e9e19ae9db6549693c2cb2641b4751a10b0,1
0xb68babf19df3889f5185576f7f657c9272923002,28
0x570a995e230e6c4a48e3f9793762800be10aefbe,5
0x84e8567695361adf883b6d2e12d22e9f0352bd06,41
0x3968495193d7529b61acf70537d38811c2b91fba,5
0x6cf8b7b9a813c9ff6a3f044ef673b054a1db0709,15
0x10665581d1ce1ef67593b7770f9fa555c9009c06,3
0xe111feb59694df9e42778658e427e0811036f446,1
0x1dd50940e8a52ae46d8d4953922ff204a3e8a698,224
0x201c59f0e15ccc48cab012525f16be7a91a91b53,1
0x57b1415c4aff6a4aeba78875ab489ab4dae32e4a,1
0xb639de3d777ca7c56c4cd556d3ba0ce054bd3946,50
0xaf42330cab523ea1de73b7d46f3173dd0bd8382d,7
0x86d3ee9ff0983bc33b93cc8983371a500f873446,20
0x4288e54710a478d269e51cf72689fa3d42f4ca0d,1
0x3c8e3b14169f2d0f8d941431880a236c7280af4a,1
0x72b9d561d9eeff069d9b28a568c65945174f9e0b,1
0x1d7acbe92f440222791cf1780c1528da7da8114e,2
0x5987fe839bbcfb56db939cef69530ccc9f761a80,2
0x2fcc020f72e5d2edd2a24d04f3dc90d7fdfbd1dd,4
0xfd5b061127be14ded27d8a8f380fd760321326e8,1
0x264a78ac40c8f6eb8b3f163dc6e0cc5a1fe9a100,1
0x0aca337041525d0a899eed72cb74eb1747d95e25,1
0x91b80a7283e67db172241c393d6fa7b927ff4007,50
0x9475d2707909ab814707872ba7660b635953f129,3
0x6c167ae3f9247ccfbe9b9bf3c1b014612ca680a5,1
0xc98d8c153fcf66955a44b4678255ba2174f71e05,3
0xc2de88aae74121a05b8ecf066eac4e6ec404a92e,3
0x4032ad61b7b8ca4ec39bf6afdd9fa12caba9a630,2
0xaf98bb4bced00a17ffe020499c342cfc3511fb10,1
0x012f3976c93260f7e4ce1289638278a870b6678d,1
0x632193f28e4437054ca3dbaebb880eb5fc711386,16
0x53831d71e4ef76e2f37bce3b00c40f0885a3a202,101
0x31333c2ff868163ac54086f4cdca69a554f6f420,4
0x2b26da567c2a8c220daf91be8e37a429d33aef0b,8
0x06c8143b4ce040507df6290d551aacfa63e8851d,1
0x2612b77e5ee1b5feeddd5ec08731749bc2217f54,1
0x998f96b3f67dd1388ad17d3923f07bb928713862,3
0x6cac20f5911e6040b91aa549ff636cd6da79c6c9,16
0x45c56e138881fd3ff46359ba1826d5fc6fccaedc,4
0xa4abd5af6d1c823fd3adb90fdd6ef3b4e1c2e1e4,1
0x7da740d237575470b19284ec013fb5ea1f680f00,2
0x6760ed11f481e6a7ffaa2a517946ac0c2f99aa66,3
0x64b2bf3227450f3fe29688871142f415c40ec1cd,11
0xd99687ba7bd3d8a96ad3d4a7a9f15493750c5bdb,1
0x9e49833525cadfbd63665dfc2460d45eec522ff7,2
0x02e54bbb8ef5ea2bfbf6c2160d1025701aac1f00,1
0x684c350d9a0569a07454d778134f04406315a5b8,250
0x13cad6a0f0dbeb0928f1b3d925b70a27feaf380a,1
0xddfcb561aa77ca9f7671f104a3c8d9598d5cedc1,1
0x0c943968545b58c30c18f1fd024baf7d39743564,1
0x6c7b764e89dfdf3344f0e94dd2490ca18ea57743,1
0x19efa6cb84bc33605853fce53ab5742f542db84b,1
0x71e86dcfcd525375ffd924791046ab48102dab40,1
0xd39aa8158e6d493f0d76ed37bb4b9185fcc2fb05,1
0xd0d004b4ce867785d9ab4c684f0497680aa7b6ae,1
0x6054d61eb4c4153b7f5bfc31cb0f20bc85777e7d,1
0x15ae0164ce144f652a0c985f905ccc10d4560a65,1
0x5e2889eb037aeac4f64fbb9856514f6dfebada63,2
0xdf4abd11d93cba45f8be55e3a41c1c18c6f8e9c1,3
0x586470b8ebb42f8e4e9503d6708aa60a38edd345,1
0xb0d0b6da40e1b3abca12a38f5bd95793de935635,4
0xefa4ffe6af89c5b942003ed9e9116551f19570c2,60
0x651501a1713ccb091c84f624961196b7edc2dfac,3
0x667aeda8cd06b6375f8455e59b36cf22f9f12605,2
0xf0052f5f8dbf4c1720356837ecbe3a9bd95374f8,18
0xcf7299283370461f8629115737c4bed1078fefdf,2
0xb2b6b71d3200bd3558a59d7cc29e36c3446187ae,1
0x364d8fbb31da302ba53429a2d559a50a841b7722,1
0x3d64684c0e661036bf50c3a2b8013246645ca39f,2
0xb642d3b6e7511ad71a882c41a5f9c9dcf21f2765,1
0x65e5cc34b92e6dfa3c708c7911ab11ad4f65b54e,1
0xf339d6b131ffce3efd11d97e5a50e14a9c238e0e,3
0xc866b23312b2a14fd5687c184bea44ae69d735e1,1
0x1de989ddf4e3785a91d7545f6873af9e61c47dff,3
0xac536c7d71883af5150bff71e1dc795b065344cd,1
0x69f407d05b88686697f0c9245bb0b4715a4505c8,1
0xf606a30c78e4db0b36845c8e47901718bd62d885,1
0x97a91d2b8afebefce495d8f40b6dba7bafc21e5b,1
0xc40feb7d8761e3680751ab2768480b50ba2b937c,1
0x61c867415416e394afaa51f37e911aae79f79698,2
0xb2bb37b71349ad712b5a9341780dfdf18315728a,3
0x9d156bc7c8768294510a4a41883d5a4eb15b15e3,1
0xd04447878aaf47d58b0cc37ca032070ed3b27aa1,73
0x224da03f2e9ef7b84b6bd6f62de6f9e399eac20e,2
0x13c6a19ccd443372c3ce86bc57887ee06ebaea70,1
0x5139c2d023c638a5f5190858b2ba4886873ed027,2
0x0e124a7c9b378d7276590b6b8b676a75ff923a03,2
0x5bfec9629eec534eb128df9a2e9db7ab4c7b9497,2
0x2e229196c169df6ea418af79115de0d9b4d3ec61,1
0x7b8f8eb51a755d381b2fd15ab5a1edad90c04f1c,1
0xc145414460edba004827e34c9eec61eaccdce237,8
0x4f73b5b09b278bb614c21e3af3d5189bf94c2a2a,6
0x6f885dfab6520bd9bdc28a5a527e40daa625a770,2
0x4cdd2cbc814b0021f32c609bd6d1ad285db3fa80,2
0xab5d5758387501927366c8c17e6e4b237ac7d095,2
0xe4a24b53c97a25a21fe0ee6a1a1f652a5dafe88f,1
0x09880dac4068d5aae5a2cb48c647ef37f810bb2b,13
0x604a060d8eaa48bf10ed99b6f643557d645dde82,1
0x0c520d5d99df7ecbf3754ccdc1c9583495582069,3
0x2e319d36e246d36c1fda338e677137045be14b34,28
0x65280250d7eb830422c0d8e69d6ef0522a7b8cae,2
0x4d0bf3c6b181e719cdc50299303d65774dfb0af7,1
0xa96edca564a891d7a000359da43195b5c7229f89,2
0x99442576d50f471c7ab096af4041ffd196a2b079,1
0xc8a9995a97b98f23c83ca59dcb01b6dcfb75a865,1
0x01e4e2336c28def39c58098893d8ad84b9f1b9c7,2
0x3f28f96b9ef0e0407cc8ed85f1807f17c457a865,1
0x374534de1dfd0b0f965600d887f452f7035ea08b,1
0x0a7a29432241895997ce9ba9e450d68d971f77f9,22
0xc24d5b145c21f570a38cbb95cfd8ebb923182732,20
0x68127c24399152ffcfd2fd5ee4336a9b87cae9c0,1
0xde2fd50c56668d0e6326e32397cf5d8cf7e3bc07,5
0x99fbfcce1b88b2029d08e10a793be000e3a078cb,1
0x8a2d26f44075a3b9f2ae0615a5bbbe6f4d0616ce,3
0x5bc2852feb943b4a43fa87b275f44b45c4ca527f,1
0xa8095b86474d53dca0e0bcb1452a4da73090a205,1
0x4db31a5351bab07eb8fe0ecee189f4bfaa7b34e0,1
0x6f15951fe5b50e6bc665a66c222e287682c6b5ea,7
0xeb42bbdbf5016fd5f576f06ecb143990b92ce743,1
0x9fb327c433f95c2c78509018fbf0057d21540d36,1
0x887a5c67d4dd51965845c1b668c1faa183739ad0,1
0xfa09ce510077ea4f7cd34557e32efec180b94f8f,5
0xf53e4ac1292d1ec4706cb9f342b04a5402f7c329,6
0x0bc51ce78ef9ea1364b81654780d208e5ac4db1b,1
0xa6e950aa70ebaaf99686a5d95afe8aca8b5e353b,6
0x208a902eaa36e742e5e248b545e967138df23f00,2
0xa3868340b0ce267efeea505b96fda44d60e3cc02,76
0xc46bfd225ad359f78c7fe84d50619977c6b7f318,6
0x42b576bfe9926537cec4a83f141a9204a3f929a0,1
0x1c0464cb35d82c52f292a4eb9f20de3733eb7cf8,1
0xb258a4dbfdffaa0e2a607bc3bb8e5aef3022afa7,1
0x297ff08f9c0890e9e6ead3c3611e6fa0d5be6d27,5
0xc318918be0bda998f0592263710f10173ea39859,1
0xaddd5a1d51bff4d67e67ae23fad94b6b287de78c,3
0xc2f8de2c509c6d9c8430af6925481955f47df022,1
0xdeb6950588eab4250a3680754e4e7965afb85dfd,9
0x89b483978e172e9e99174768e4f07017f7755ca2,6
0xbfbf0df4f7da7429d523fb7b6ecbdc8b817b9b54,9
0x2f143cee05f5bb2a15c2db55e31f6a9f9f81a5ea,4
0x62cfcd9b95c0fa404bcd14d6163bc6d84003904c,2
0xa9d2bcf3acb743340cdb1d858e529a23cef37838,3
0x58c0a7399c90839570c2b9f0bbce37da6d976eac,2
0xa21b3cd198ec3ba865ce18ecba87ce12f5dea170,1
0x08519d0393a67c107428170288c0af1d4f62095b,16
0x89a27fde1243d15c2809f5ab3d1f0aa4175bb0d1,1
0xbb6712a513c2d7f3e17a40d095a773c5d98574b2,5
0x4592cb2f09cf7838ed2393a89423b908c4a5d145,1
0x98ccf605c43a0bf9d6795c3cf3b5fed836330511,5
0xdd2b5dd9337165a48333a6d8ca8402ffad2374b0,5
0x1c0aa8ccd568d90d61659f060d1bfb1e6f855a20,1
0xeab37b9b0b3ff2d24e70bcf7b15ff574b410c4d5,2
0x7d32184150b6f100f3bc8c5b938838be5435fe3b,2
0x7b86f6a06442e162b62182001e24c12fb8f2388e,3
0x67ba1121499e54a715c5912bd457f42b1d2b78e9,2
0x620675e061ab980edf7de559211e4af5dec41210,2
0xf561f98c2a149a5d8fe1dc2a6c79dd0a58782bc2,41
0x2ae9a921e379196ff940f671439ea712688b3f9f,1
0xbc4e7c5d71e9c4404377b0cf22ec9e5391332d09,11
0x2f334d60400ca7df875d7853f1b6922e808925fe,1
0x00ca1a4969b1abd794c7a792f99b9cbf9c783f94,5
0xfc9926f779acb36ac7b801df8c5ffcc9a2d34d13,1
0x9a6ef672c9af8c98201d3ddffba9de4a67bb7df8,2
0x64163b7f5558c54c2494fe18e09ba8ee2ec7bc8a,1
0x8a852cb2939e99ff10aed464a4fd0dace79d1a13,66
0xa9925a2ca46cfba3323a7df03a85acf3a13d2504,2
0x3ccdd883c369072e42ce9b50c2f0dce89faf4c78,1
0xe8270b17f341871e814a157142f0fedccb7a9a92,1
0x2b423d79ea405083f2a552a71e424e9d15fe1f8c,1
0x53d98d7cf2e3d03ef031fdec197792d0c713303d,1
0x6ee10d33b0bf8c11afe6e6ed75012664af2c14ca,2
0xa40e2ec7df590f9450d840fca02a1779f18128bd,1
0x7bea9b6b95c9d830a898c17f7eab897575409e9f,1
0xe1f91e360bd08c1c37a21b495f08b6c607471353,2
0x2a9dfbea2ec7bb1c83a905517e0531336167ab68,1
0x1a48578247b9ecfa1292904f5adafb3b7faeb923,1
0xfc593a76a451522cf96fdaa642ddd155dfcdb084,3
0x3d27e146d414bba6b7f8bd69c7063ea6e2700f60,6
0xb40156f51103ebaa842590ce51dd2cd0a9e83cda,20
0x452b5e33b56da4670a3bad3794c67140a05240b4,3
0xe9b5b08d7bde6eef40efae690c9324de42413362,1
0xc5c8bd8938871834fc79b7c40831cce3a768c8cd,1
0x8c6fd0a6db5d2f94739a15b34803eb52b4474bdd,1
0x910199bae1b24a1a943abfab8524b012ae6efcf2,2
0x1073748847e62b78d56428556de6fc6976006053,1
0x0f485d1768a42096372071501fbe779923fb54ca,3
0x19e02b992c0295d27eecff941d5dbfaf85409d86,1
0xbfe56d046268d30da9b76609af78eeb6638a8a8b,2
0x042012ac68060eafc91265805d48977016a1b98f,1
0x34e44d22db10a68d37d2b7ca923b907e68176938,1
0xe8ee9b81c5f2cd6eab7503e194bba4cbf07a2bd1,8
0xc0b34cc292d0727e488a6a31d1608fa4fb2d2bd4,2
0x087f2606ac8c88471ab9b011a5338c1be0f6f650,1
0x5e5c817e9264b46cbbb980198684ad9d14f3e0b4,3
0x7cf46649ca711df216624164c97d223d7af4cae9,2
0xcecc519a36557d71aa19dcdd1b32f876c8b32bea,1
0x7e53af93688908d67fc3ddce3f4b033dbc257c20,1
0x64615160576999ff34c15bbd1f25d606b7a86be5,1
0x3412f0e5a0361cc6ce8a76154d308391348709fa,1
0x037dfd569defbc08ae28001159b4c49f6d006cff,20
0xe7420f4b26a565186ccdf5c3d356c62b127c81ef,1
0x8706f78e11aba4a9134ab87bc5762e3b971c22aa,5
0x46ed3e4ce79e0b0634ccb03032829c076ad2a76a,1
0x903103ef92b5c227d6f3e6eab4311b6d7460f134,1
0x28c2eb07bf7e9812761ef7c78e1b456d2648210c,1
0x029d3493573435289fba0aca21b23e129b46809c,1
0x7490aebe717b512c1d465253909fc8262f75b047,5
0x887299cf58a3f0ba1f6ee59122e19a65eefe2bb0,1
0xb09cfba289fa1148ea67aa3f35d51338fe37f839,1
0x60d53bbae24a594eee6d2b92b76af8cf20332ff4,1
0x6d53036ffb5e2888a2d3ee3746de12335397fc84,3
0xf87b432390d9cbc8adc317bf5282f44dd43b8b13,1
0x0c9f5d112728213c6ada38365d4e41c190f50e60,1
0x019ae3430263f42254d22f427f8dcf3f5f7ba9ff,1
0x1da58933f381edf6f09e9faf2ca789b48e58bafb,1
0x464fd6b8e4dde4352117940a07d7cc93269a77bb,1
0xab3be231aad8a6d60820fe028cbdd15ab31cffef,2
0x3d0feaf9fa634d7766a0c80ac6f38b486dc73c9c,2
0x2b50e1775aad5b52f8fc98bae89f32584c594cf0,1
0x52e80cf2b97974e4935a1e1273a1971f70ab1cb3,1
0x8d17ff92b8c92ed3c3f0a99e9a1ab817fb895bf7,1
0x020fc5e269872e6893ab7fc24486534ea228c5a0,4
0x463fb520183d7381663c140428b42b80097b6523,1
0x9568ef803d55005ad31ff6cd14924b5e0172dd9f,3
0xc3ab4f4451d65299540242bb8ab3c2c65154b3f6,2
0xb876c875b463683b47fb3dbe938399950d7d8e75,1
0x99b379c917c58960ac43a75ccd513635c15d1777,1
0x843793006d45402566fc232dde7050f1bd892c73,1
0x7544a4d269b5ccc8e7dfb9deb99873c81c3bcccb,2
0x101720c0a8435e51551c023be6e9df6f345b2dad,4
0x9f8c15b5ea1b98a09d398741343e686cb03bbbe4,15
0x5dfa160e0f96ce631d28649d02bb7738d69fe761,4
0x8ba709eaf978fefac67f16688b9bb56e58d634c0,5
0x0e4dd15bc3dcf29bfb5c15831bcff6f0dc6aef4a,3
0xd319f112bf73eae5e3cf06bf8d4076cc5f8b1cd5,2
0x517ca3eae258a73b3eaf9ae5c7b8bd62b9b6a666,1
0x13095bc1f896efd2c2f711cbab94fd57b4e0d307,1
0xa134c20fb3caac7d9c35ec7b7f807092894da736,1
0x4258b7088b4280020a079c657941f974dbb965b4,1
0x009c69b6e6efc580294339eaf4db95d51abb6cf1,2
0xb46c436327a6584e78e71fbf58e06963967a8320,1
0x337ba33eb96380d76b2c9972764bbc9377c89908,1
0x8df4da8138605320e8eab55fa994fb8ee4529049,1
0xccb4fadb548abbc191a699c707f022f565801ad6,10
0x3a6ec6061be9af6ffef1580f7068e6054c87fd19,1
0x6570a7c0d889af8880f12af4201409ccaa9b7ca1,1
0x2dd04d8ce286dc6f0d528ca05dda090298f3bf19,2
0xef9b2c6c2ddf905201384da70a221f73b408b5f8,3
0x5159d6375a506349168257db8cfd2ad5b49bd416,1
0x00ab97c782c661fb3d08c96dce06176938101211,4
0x2f986be5c73f3e32d2e03863c1793e8f87136adf,1
0x61101724e4dfa1e64c3647eed544fbf741e2568b,1
0x2f785b533be51563b8c1f606a989b11a7f6611f1,4
0x07d8f13c7c1d4703da9342237984fbe2600f01ba,60
0x3fe7d8125c47e815e4d4d1acb862c8b65358ffb2,1
0xf77054b097b637ccf346dd42ef6c51b96f1f3f30,1
0xcd4ddf2aed875248d6d586b57146858a71eafc02,1
0xa19458f426bdc22d955388e327d9746cb357b997,11
0xee61b0d50d96d4249ae0e12756edc199bbb7d070,1
0x59f02451e0199bc997554b89c6e1041bf8f4614e,1
0x1a9a0b97ce419891f67468f81c91bc82497956e8,2
0x1c6f1a832e73949c97fe335a98b6a5fc3c9c29e9,1
0x2e67494a6efbaa66f932bce73152f99d7f56288e,1
0xf012a185e8181a0814217f52e4f2886257efba22,1
0x0210798166bc4934ffba40837cad2ff589056ffe,1
0x22ba1e3ef17609151fb322cfca979fe0d85248f7,2
0x3b253817e9812ce79e7ce86646db8d12fbacbd8f,1
0x20998e06cf13898aeb5c28ec1d972b74cb02de9e,1
0x0033009100ef46b4585949ec68fe7093c7a71ace,3
0x752738f9a6d1e2a7292b23f0a046b81d22360569,1
0x81b79ee65cb236ca9b3908ec889d5f85330e46a8,1
0xca4bf2773f94317c1bdc44d3a76c3212b41dc267,1
0x2b01bb29333da117e264866574bb573c180d4e4e,2
0x316deb3676714fd258279d0819b356f37b1ad3a9,3
0x6b6ca48da27304eeeb1d15d355d948f68b852733,1
0xb0a9994b6fc39a6084dc88e56e638fc26cf04376,2
0xf94e6ff61a97a763831bf61e1a0ccf54bdafce54,1
0x3e9976d5ba86a78d6e5c25bc2f309049676c0798,2
0xfc737768b68b7f8473ded13926d8171c9849fc9f,1
0x1b319e3f01805ff2c54234868732f90d3c20e67d,3
0x06c1a3b6d3d4752e45d74f93e25e9ebd1f087f55,1
0x47baba9b83c7cd484297e771d99076e904647511,5
0x51fd0723ac46ecb9fd1e0add0d4fb940ded8adf6,49
0x16b6f2bf5a97b3a98cf325b5b1def83d826ae03d,2
0x1aabd6497b91ca10ed38b673d2efe798104f5ffb,1
0x7c7eae306b9de9b5dade4ce14f12677ff16beb28,30
0xb9a70296e3b35d55d4271b7e775f77f7be7645ae,1
0xcdbc555671c11033b56f4adb39631db6e034fafa,36
0xca695144ed80d2e5f10c8938c08dffbf2516a170,4
0xe63ba03f3399ccdbc346977482920c7f782649b9,1
0xc634eb62285f92356fbd2f383eb3ac4ebf40b29f,1
0xbafd6ab5dd0d0d9b545fa2ef3001c6375381e91a,4
0xb7ea494fa356e53575f8ab4ce33a2194bddf87f2,1
0x8467a3df73dd57df2424cff229fbe4cf97751c31,1
0x578e296a4d199d6820a4977798e54be539b2e742,1
0xd002ed5d24fa4d0d8bc9af8ccc330a2a40cea686,1
0xce41e7bc61770344a3ced518b2c1627a9ed30f80,1
0xae281c549c5e0984f310e03f79ac34306134cd9a,2
0xe7fb6dfa242d332e1adf630217143ed22beaa607,1
0xa23d6bb87d0bee21bd51e40092ea7c564f950472,2
0xd07519f723960a230acee575f9928f4d391e7bd3,1
0x1f13a5dc44911ebd98ea1b55ab5b7b2a99acca14,1
0x25c59677f83cc6d0b7af2159af6b8b873b5fa4ce,1
0x221208ba3781c1aaaeb5e31f1670d42ec3550020,2
0xcd0eb48851856f64b7c3e0644c08c252876e6b05,1
0xff4ccd97d9b4e6d71d80969afb53a7b8c3f6d4e0,21
0x421fde6855be0bd833c9f70e02fca3a3d0b200c5,1
0xcf9acc451b7c3e670559da3606612be8517f431f,1
0x2882a0800a33b893e8568de6d7d043776135bc37,1
0xf96f8a3357576a2aa69e3ff55e1284d492767df6,2
0xf968a5de2019de1f0a8f53758dd137ae5c9efbc9,6
0x34606e4d14bfda85c5f8314931c833755fb964df,1
0xa0aecc4a848e6f9998216e004a90b61c810febec,10
0x8b81d31e821e4d665e599441bdf497cd2c9982c8,1
0x94f4869fadbcfde08a8be5c6ca22ba710543012c,3
0x852e8017522b4099aad8f067328301a40298be8b,2
0x28521a5b7e439d3b0b8e13c5ca66de26cf6e756c,5
0xb7a1c6a5143b2d0efff58e6934b5117cb8781253,1
0x87d9c2d9990a9f3a18f1377ff20d9945f9eb3792,1
0x8f8f31c1042db38aa11424ea7b7e0bc2842a19a5,1
0x737069e6f9f02062f4d651c5c8c03d50f6fc99c6,1
0xd77eb80f38fec10d87a192d07329415173307e93,10
0xc2bb7243ee2ea0437c4be5872f93ad39f03e532b,1
0x1a30ddd1dc2a7a41a4386b04838ad59e014b721a,1
0x503d66ea74445af5e9ada4005f3826591f10b98e,1
0xaecfe4eff84a1cd9a24accc1914ac537af7f6e1b,201
0x0860605ea6da87200e7582770ea60a0128dc5bf0,9
0x3e9c91d2d75c7c398f50c4b808a356d9cea9d878,8
0x08d23f6507d20c77b620537356fc7570dd6ea4f9,1
0x8ca45672d600e4b4258ab0db08902a9803d2207f,13
0x7bcba9296df0a11afac47881e9c08b40371ba008,2
0xb5e8add227067bf3db9989686285919fb669b580,1
0xd2553b2fbfa81cc1f9008330baa81f679539818f,1
0x6e26cf43710355f377d2767dd426ce8ea122364f,1
0xd386e88c9bb64401486b3e9127ca784fe892b4ef,1
0x049569adb8a1e8a9349e9f1111c7b7993a4612eb,2
0xb473596eeb0ad6dd396592b41e6790e35773f1a4,3
0xe33a0914ce4aeee168fdf32a8e2340655df9abd1,1
0x8bcc4fbb00ed1f34dddf14e9b6ec447efc7bf754,1
0xea7e5009f0be45391eef4ff0a7ff442912a1224d,30
0xdf926abacf8cc55eaef555771c1b2f16122498c4,1
0x443c6bdf14534d63f7cf9cde5702afbe6af19962,1
0x211f6a84aee392253d76407a4c59d0631ababe69,1
0x8558cdb73eed83e49c2b3700e31c7e4f8fb030d4,1
0xf6f2a0705b9c272294d95577b5dc6d9e08e7c73a,1
0x103a26529c1af467bdf042a2dc31c0e36406c017,1
0x715f280d07b7d98b00f7eef9e4ca62e9c5dff999,1
0x27f2a19a118812628b2fcc3e8a634ddab62c8072,1
0xe76ebb093c18afda8270e001aa45514adabc1d26,15
0x7bc1206375d60228550c1d083b1210921f3003db,2
0xa6db9d5977de9bad6d8a8edd0309ea883ded14a7,1
0x639f4d4daa2c6ed476ec588f0866447d307b233c,1
0x68781516d80ec9339ecdf5996dfbcafb8afe8e22,1
0x410df93636e7ce2ff0a5737cb28a32137498cbfe,1
0x45966c9b80b95413653e056db487be1ec2b826f1,2
0x445851d90dba5bc935d7420aa2de3be4881314e4,22
0x76e02bb1393014f0032d7c7a5eecbed5805a3cd7,4
0x563c2171468a87bb20c7290b43516f4cd050f38a,1
0x21938a693771d5dbe7fce8d1ed6fe6a6efaf6435,2
0x92c4317830af63462064b9b120f9c094ba428890,3
0x127e36c12b7a68a685fec27f752d82b4171e57ae,37
0x66f3794178997a12779527b36a2f042e001625af,1
0xbcca383e7be60f9300469e32ec1d1b5af73bfa0e,2
0xddf06174511f1467811aa55cd6eb4efe0dffc2e8,2
0x0955dade18270c6e61c29e498b314924cfd830c8,1
0x7b363f18c87b7db85d0cb36d2eb5c9c269d750b0,7
0x6d361440dd4746387eff1ae65ddbfe891059e0ce,2
0x477d7e84de6b16551481217b3d177a3bbdb5828c,10
0x53dd88b3bfd53133798a6facccdc714e44e3540c,1
0xe840aa03def4260fab734781bb4892d2dfa8dcb8,2
0x2ab41d2b3af2d9849bd0d74c2b3f8d2be0a19bf7,2
0x886ae6c0c7bb1472649684aa4f035a0dbb1f9f23,3
0x53805740fcee56217076efb3f17e748bf71c8ec5,1
0xa686bd67008b275ee4ccf72d3dad42c8139f6ccc,6
0x3a6154998397441c7da755e93eecc2f2460be365,5
0xd33cbaad2d21810530351b86208d69ab6e184b40,1
0xc42ca4e43a1d386b5346d10ae5d266021e7b6c6d,1
0x42b39815ef73cbc194f57e17efff8e90afaf9da2,1
0xb82eb1da53c5e394f8525c7d627dd03640d6bc97,2
0x928fcb94902c04e032952ec40fe6d38d1dcbaf0f,1
0x92115e7b5df3dbb0a573d1a12f90415a08572b80,1
0x17483a88242f13198ec6a4a9f1d92665676a3e95,1
0x077446faffa990b6766129b8821f756bd4f3303d,1
0x0c33a078c3fd0880bc945a5b7f92344cf9208eee,1
0x42e2564f90ecfe0f9f72322740679b76fe56ea15,2
0xae996bf0a9d122ce1dddefe7732920b6c1539c29,2
0x75365ddb02bc316748fb9a2dc5a33b42f1fba2e7,1
0x3bd9d3ec4644ebf3483f1e774c94f54181ea0239,1
0xbfd6b54875a7aae4eb34579bba1f2a16e9521792,1
0xa372c078eee7da14c509e762672d81ecf85267ad,1
0x8c183fa11c17f104dd14ae6bf555de7921a34636,1
0x40962b448aa899196906646340cb4eb61a8d49b4,2
0x1dc7af8739c02b757ac9b3ba92ab561de7e3af25,1
0x62dad688ca940162eb7996c0c5badb7245fce92f,2
0xd8ca758383628d406052533e658b97b41114003d,1
0x53159fd1727808a4523a5fd914c1f095b33a2b4f,2
0x7d898eb5d8e45cebe5ff595dc2cdc652336276a8,2
0x12301a549bbdc69f386417555d85b1ccc96c8b60,1
0x1291f6c5118d4cae7fdf7067fdfb1656cf9ec761,1
0xfcaea6aa6e187e48b1632c72213bf5620b3da265,4
0x53ad76dacfade8789684aebb5dc3f7e079bf8596,1
0xa6dfc02880e7d3755561f36138ea0ad3982a003b,1
0x0ee8a30647cf7ccdccc1460c64ab5e4d78f2ebce,1
0x3bda56ef07bf6f996f8e3defddde6c8109b7e7be,1
0x235b6df21a5d38abb20e8f8cc6d98e56d7fb0fe6,1
0xa2cb4df81914d81e982e301572cacfd3636a16ee,1
0xa426ad40828eaa62e9b3504ff19731f8863e40a0,13
0x3dd8852ce2a40a66a40eaef37d6b1ad07aedb786,1
0x69684336ee2289a670d59fcf383681cb4222d576,2
0xd401cd10386e82e313f1976eb9ac5a248033ac9c,1
0x0cb7364c9ae9d03d6e2cf097fbda91d8e2c722c1,1
0xd9274155f08cc691095b1be26d01ca7bde8dfd3f,1
0xb11b38a7c3fdb1a151050dd13e62ec63c611ab47,2
0x3c03611223e74479d59dbd373acc207bc9f76e1a,1
0xc270b3a8428b222905c2564b0118fb4a0e10bb81,2
0xda22ecb2897040eb15da2a98765446ee07fdcc81,3
0x9be8e4e9d4a68bbdaa8decae9f728ed50599be7c,1
0xf2ab580d205dd68b65fb26201bfd309adc96a524,1
0x63862b469cc1dac32b29ac05e749adbe0cd0b85c,1
0x929e6b61b5fddc630d2de5378f7bd7ceef6758c5,2
0xc4e4984e243f2b833e31513ed4a5025922922d61,2
0x35c3d091e2cf902dc09ec25712d67c55e7c61403,1
0x3c6075f9a5efee7df67a9b7fd9966b469d19e50d,1
0x1511afbe08e6abbf4e78fb8a72877019500b7a2c,2
0xf8a323e916921b0a82ebcb562a3441e46525822e,1
0x84a9e0c0c3ffa1f460862c1e97521e5cdd428cad,2
0xe524f93e5dab234dfa56ef67f846119400df8cee,15
0x26ba43459a9e2ea7eb7c1bb791f64f2457537e4e,2
0xca4b599a1deac69df773d11a9fbb697e53cb0328,1
0x2b5a680710a1bf15b4a7af236c4e34e053e13652,8
0x8ebe8b747cab6d473483aa3889870cf31c05d1c6,1
0xbcfea7c894cbd0cf5fe654559268f2eb28c7c659,2
0x4b6d425fae5ef632fc6cea366ff2f7b0d5110374,1
0x33d1ea5cf80da4e9a0317deef6ec63ee01a3901d,1
0x7ec57a75db9481aabaa27f576910c707f0a88374,22
0x8bd8eb535858d39d8edb677e2e422ec54d6519f1,1
0xa7dcc417c63f24f9073b667a5d7149bd38463d0f,1
0x66823a962551cc8a17eedfe1ef4f25018ef3dec2,1
0x3da00d8107de86885e1c826f4eb4e5551b97d419,3
0x030745377d953913b2af2a64d961287ff800f7e0,2
0x55566cc462f8a2634b4ce8927fd9904b0e470497,1
0xe87080fdaf59a3f8a9d803e11751b9fffcee0681,1
0xca1025d7853c0b2f0b37266a081085e1b716bcb4,1
0xdbc95bd68d5bc3e93258aa63ceca26e12d15b206,1
0x1190d2536e3a15a593d029db6ae8d9158517c2c1,1
0xc2e257476822377dfb549f001b4cb00103345e66,1
0x55d22408591f2a70af3e3a60de55d890a319bc58,2
0x98b44923def45b65d69fa82fc5fb04a348fc81b1,2
0xa646b22160d0b95b5e9e775810dbd2c5f224f785,33
0x6adcf08deaaf5913079707f923279ef4c6d5225e,1
0xc2f094439cd1fc45af3e8a679984927abab0d3d9,2
0x8335bff7ce4cdbd37baf0aae5bddbd58ab0f6854,1
0x47c6da911b5430eef959b81ec2a548846a5bc804,1
0x7866cc791bfea5c261081136f44ec20e8552efb5,1
0xd1510e4d4263cdc50dd39a5d18d4c676fe4b0aa5,30
0x6eb1479f114580a3bbf8d56c7fe23baf38c40552,4
0x43397a347105078cfa99196b06e3e3dd1411d845,1
0x982652447f2ba11e33558ad53bda7fb38f33b520,4
0x88289ac519efb1cba5f522970e63264a969bed06,1
0x22b98bd46a95ba46a7d53845b3ff252c15b5870f,2
0xd2de0c534bdf0377ec0b61d196ff519b116ed6c2,1
0x05270ccfd7ee0fe951c5d184b495db95a1cf27b2,1
0xd021fc7f9ec60b98ce1bd1a27034199126ea5475,1
0x4abb7375dfa527e3ea2d7b992a1fccd6a1f74e9a,1
0x5d9b3d79b92c2dba8acfde76c51b8aee59e9662e,1
0x1701f10ea16e95648e3450488e1e2da9102774e5,1
0x850596444bb1921ef60e647f0951f766c6359c83,1
0x2d86499a410a9ac2139833ba8d6942b8a8700a7b,10
0x5b471f7a130a40e222aa2e6a8f17fa08c2414dcf,2
0x7c96149fb05b6c98565f86464744c6d59edc8f62,8
0xf6c1f2a362f84c2101a707da4a3f2268dc89dcc6,1
0x6f56d738c3571c68a07add7a4b4a1cccca097d7b,1
0xa6ffd9f71fedad75d846735e6b96a579d98b8877,2
0x2737b3c3918e9e72c1c1561d2ee5eb7b89b4a960,2
0xe526f0dd4182a3abd95e343a68ca7cd4c7de910e,2
0xa49c2e824ba242ddce833b8093769f31d74ab80a,1
0xde0938fdae98e3170a533f2304229cfade7e53e0,3
0xad95618e1023e490961842bc0580a826b0e78b48,2
0xfd56d83ab07cc79ca9817b1a2cd68763eb16a33c,1
0x1488ce391699ca445a970283b74f0a4f1f47761a,1
0x317a75ea1374ad9375bb3a932343fb2e3f925df0,58
0x56c5e8a9277c8d9b32b6c3c1310498950477f0b7,17
0x82e65918d19b1723c6367d1d5226d3713f38c3ec,4
0xd636c11ee6a555190213817f40f413da729b5757,1
0x9f4070704a8f94bb8b0b3bf6450200be1564c2d0,1
0x8c8868c77e0546b34f196595f0e727bc1add2e4d,7
0x2a306b8552b75424f3c4be5a306336b828a93dff,1
0xad7933b82314cb945927014eecbacf7a09175030,1
0x66b101c1ec482d807b9c920390a00ac797175951,1
0x2300e92c888a66f07d82cf2e108b894929d01bbc,1
0x05a16959cc5629f8251e985206d66d3efbb8e777,1
0x0ecd341cbcb8ae2b6f61d497242e4ad51b64183b,2
0x3d4bb3faf7011e9957b280f1a003ccf4a8b6dcb5,4
0x43f778201c898eb332ab1af9ddcb4bdaa7ef8d2a,1
0x162ac6c259ece1225e242bbf90475e8954d48727,1
0x7f65014ac2c005c3dffefa3fad407a58041ff5f2,1
0x95bba6ac145f6b34433671800403752ae401c530,1
0x656eb42a871774ca27c478b8bf728349a392f1af,5
0x5f01b1beca79f686a1a7af2c7e0392ec468066cd,1
0x5bcf019401558816914c3e766922a40718bf6744,6
0xf11d07682edff6c26f5c73e80b298c5a69c61f4b,5
0x6b043cfc5c7317e4542471818170a45464a93c98,1
0x3341214af49039a358efba89a9fac1910dfd9f86,1
0xe8491182b2984ac87633ef86fd8682344732aa58,1
0x203e4da599026388f421507db10b668c0b4da6ba,2
0x0e6dbdbdb56964f3009a4780cc284ea43dcd1a34,1
0x83ade8343bc084163a092b2266be9199a3ec216b,3
0x0122a528c9dcc2cec9c8cbcd7da72beb828d0527,1
0x192820ce84fa9eb457fb228c386fe0ed22f7e33c,8
0x95095a8a3f80d059b40629c19c2179cc880c4201,1
0x10585c1e61830349bf1a8a0a75945f627f9d03e2,1
0x7fa378ec21f1c527c44cb5c6f20183640303a006,2
0x2632dd0fe665f6068bf92f3524fc61a8c49ec811,2
0x647bbd41441d537accb5b75d538e6440796bf950,2
0xbff253bcc2e3c37c5319cdfa1efe9e94205bdcd2,5
0xa779fc675db318dab004ab8d538cb320d0013f42,1
0x4365dab1348d97c971ec7e126f52333da1665492,1
0x084538bf6ddd237a8bfdbc1ae52f1263f82f1af9,10
0x44f6498d1403321890f3f2917e00f22dbde3577a,2
0xfc6bbf4763845e3fe68cad2368f9e1b45f231d32,5
0x13008de1546bff07232108a9793d8353dd1006c3,1
0x866d66fad811739ada25212ba9734fab2fae8d1f,1
0x7bf37d8617b3c8cd6fdfb73a1ca74e42505925bd,1
0x35434a35c19cabc4bd508edf538cc1cf33bda688,10
0xf24365c47236b7fd95a39cc19441be4e21ab0ef8,1
0x916db44f1286b371a8f4b6cdb1d3cb07ba6d551f,1
0x19117de582f19aaeb7576026ce019ff9e539945c,7
0x40e2e1f240d8f642703f7bd3e4914405f5159068,1
0x62f92494bd7131243bc44109182237f0b00225ee,1
0x0e42d8fcf5166d332ce8df3b65c5e20468fb7359,6
0xdaf6f334d49abf1065e6d1dbf5ea04f563d424c2,1
0x69d0335aece96d1a8f669c8d9469693782d69ba8,1
0x6fb2416702bf8be9df8e30bf44d0ea19b374d297,2
0x3ce22a097e3ddbaab3909b64d70ac0acd96f9e7f,1
0xa9d75aa9df008c586088b6ea18e283eeedb8d6b4,1
0x926a4a02c9a54f983332ce07119d00eebc0a2855,1
0x26cebc1032ba043c8a53ae2f7653f48e5588bb4e,19
0xb2f95f466304bd8a7b89baa055396fae495ef5c6,1
0x55954964e53ff4952d00992fea94a404e4a49037,8
0x02c545e7e16afbbe405fad98a8a5a9a9feece114,3
0x926f9abce24f79e0799fe54d826927d40c964d8b,1
0x19827008ccef5266eaca3fc60d03ae7660d41d39,1
0x0e11c7a7fa05f27cc82fac85dd76d8dac8977571,1
0x13b28bd929a1c315613894b60446dac986b2e57a,4
0xf6411852b105042bb8bbc6dd50c0e8f30af63337,1
0x82ee15e7c0c923e512eb0c554a50e08254ebd660,12
0x5a56944f4b8b36e592d9e94deb296cfc10ec8f46,1
0x2ea58cfae2e5623711047778524be7fcb371f2da,1
0xbd13a73864790f82a31eb111d0236781323e75ee,1
0xe91d4c9b3a8e0b6696e8a2f460f6d8d9e1cc5615,1
0x48856b3547715603cae207b813dd35ea7fd24e2b,1
0x20b618df0bd39613d2d329a0532dd04412f52dd8,4
0xfa37f311871374da5874261b70926a9e52cadee2,1
0x94704b0f26070b90c78320d91a01336391e6cdfa,12
0xc08b45925a4dd11426093c698d700b9023b4e3dd,4
0xe1cd2f5d571a614359a0fac231f364c2a7e6180b,2
0xbf09a70a0166d52cc9af514e9ea658b8399c814f,1
0xd16dc9537a1ea7d2de2569f0815c8c9668a302e3,1
0x1a674179376f514bd136f713a0a8cc2eb2efd9dc,1
0x71b7edb302aa932b8b7990c8d91311a8a6caea68,1
0x666ddeaac848082c20517f140dec83d853e45640,1
0x0d2de4873372078b543229b2d1c8dcd6716f4c19,1
0xb042deae1551e3dec71693b5224f8d298ad9a4b1,1
0xeea2bd8326817fbfdb8d8fdb4a8e406b1b989a84,1
0xa28323181567e6682521e467be5b70c00a6c5a9c,1
0x9bb02001a0b3bca3a95d981f22cf9f3473765c24,2
0x4d1be92fced27f333030223575c9635fd6a020e2,1
0xcf6f862111c4fa10ef350189d23b825eabffa7cf,1
0x2f6c827570d0c8b51a21e98f6b8f45d1c1232472,1
0x00a9382eda57168a5af21652b324ddf6768663f8,7
0xd1e64d8913a017c4ba14126bd2b0ef5f7e2859c3,13
0xa6861734e12e45e3b3a1dfc3d06d1bc5d3c34589,1
0x605c43c90b6fd12be565727f21638076e9ee37a0,1
0x7f97eba37360843b0e394f68460943db6c8403ec,1
0x9013091c40fb20963412df418802a616930a0acc,2
0x60859baf5f538c5f82219e286e73df1de43ceede,1
0x411daa5b2afd178824fb20ac6d8578afc25bff56,1
0xca11ee4e8f646fd784c909c316e9918c7418aa17,1
0xcc49a6d063ba72929600d1ed60d863a540b2565a,1
0x69b7355bf48edf21dfc00fc46065bf4bc76ba45d,1
0x9de3ab367136ca90626e9610edc2a7b43c202ec3,1
0x4aadbe45636170735f11093e269a79f372b22e95,1
0xe7b731c22b2f743425317bbc5103158f3a17411b,1
0x973094c4af7478e7b034863c7c82eb200b5462c2,1
0x953c64f3fec00b489b94bbcc4b55f431c68c8ceb,1
0x9c68cd0568eb47bad36ecd8090e6c1d1396a7783,1
0xb1577413d0456d1a04c5d5978637759e84fda356,14
0xfa585ec372b7f1b4dac0f96224377561a9302427,2
0x3ee1c068fc9653489a5d03ab925047efeeb4bc26,3
0xe1b96870d3006587dad1a55b3b4d84d2c1080d11,1
0xd35eba00560d1e56b74206669468ebfcf77665e3,1
0x706211ebdb7753bd3dcc767b9929cfd44c2ec7c1,1
0xe7239ab0e02d9f199eb3ac738c58b5f475b573fc,2
0x69e33abb1d0e5c5a3bcb000bebc962651f27dd97,1
0x9a568bfeb8cb19e4bafcb57ee69498d57d9591ca,6
0x4c4bbeb51614bfd7763fbd5e01e00f02f0ddb66b,1
0xf0e41a77b95483c54c95f0609fa26a3c929095a2,200
0xf426fa21a7a83344a2079c33c62f5d576ad1e6b3,15
0x2d899ef667105325e7460f9ec9477bcdada7f8c1,2
0x75dee0514fd09c83144ef9b3d5e8151244225d74,1
0xaf4849d3eda14346fd0a25e4834a36d46b574fbb,2
0xf25c30047a8eb94f06848ba8b139bda16b80c98b,1
0xad02ecef271469a6bdd9a2ad1ac9593d7f26cc62,2
0x21a50020cc3d918062a5e7b5b6a64d532bdf975b,1
0x560827493747ac0b7e1fe1fa3044bf07d2e1bcc6,1
0xbad2e817af781b6f1573d65409ddef24d9656f8b,25
0x0edb2533655876b1656243fd6ee9b16401281df8,1
0x32ba597b91625b183ccfadb74c7f43b17981e5db,1
0xca949bc917ff93bea259d1751a1af1908c69d969,15
0xc94dd5caa29fb3681f08594668db10bdb1ebf316,1
0x5dc5d9b27bdd5c77ad27972f2a2beebb0c85a8df,3
0x3424d2adb0670a4764899bdcbfffa3213fe9fc38,5
0xd2948dbe26d29e5ec7b76f54bd34174e45cc08c5,1
0x9edaf387bd893a473b4ba2c1bb845aaa21e903e4,1
0xf6bd4768e672a7c98c3f76860d355e9bca566bee,2
0x0105f2d4ee66c786451c279071ec0b964ec00431,2
0x278bfd54e7e71346f92ef36c6e34145d14f017cd,5
0xbfe75d8c333a49936a290e4814593ac3874c2bf0,5
0x422d431a9164c11aa7707c800a038930898c2d16,1
0x5136e623126d3572933fbafe59ae97f13dd9687a,1
0xb0f2abe38179bacd3fb2625f3993ae77be621c6e,1
0xdbe44d3c9e05ab1d53d945e15808737f28ed6da0,1
0x64809bdf6622856382c27a7cc73e8c8106d33c33,50
0x364d71ab328517d9aa082f96c3b9989c2269d922,2
0x4a6b57491c6537abaad435ec4c48f7452817ac94,17
0xda0285ff49800536a53cbef7a7188da10a656efe,1
0x2a79421e5bd8676889b77905628285ca9ea38be8,1
0x10fded328e7355e64b02eb657ce1bdd4ad81938a,1
0x121e9db751df86cf012edd1464def86a6cf7454e,5
0x41af11cdebfd9a47ab15896c812ed0baaef9280a,4
0x63c5c5a49c2c24afbcfbe1df60ccd2c6cf4ebaac,4
0x9fb5a3dc2a5a19252ec49194f4f6e745a5d3920a,2
0xbc7f127c861ce0e08b3f4e78477ca3d10193527f,2
0x95aaef5544c20de05598cdde21f661b47a636718,3
0xbadaabf602af593f1ffe183e5f4496c56e719553,1
0x12b2944193fb6b9921951f8c0e1e9d1369883700,77
0x5383f8d87aa227a325530fafa3eeada4828475f7,6
0xdc3a2d07d809df49a550b4afe39da8d61f92d2b1,3
0x68ffa45690849d6775f4c175e2b8831a1125d3ac,4
0xa7269c74294e399d700a58be9f035b652dd67e48,5
0xac57df25f08e67122c2d191546fdf1e027c0127d,2
0x673372cfd7d8f38194753b6bbff191694f225110,23
0x867650b03762a769ab503b82bfca0417695f5f8e,2
0x8438a23a6989db43353dcad11c266313aac9101a,3
0x08159c8c593ab2987e40c6b93d524b9d234565cb,3
0x8129c94d2f2b18fa4b63bd0a3b64ede4823374ae,1
0x75d4bdbf6593ed463e9625694272a0ff9a6d346f,7
0xe0a749772f7512983759a8a7dee2f5a39d9ad14c,2
0x2ea327df530c3446bf8c1c0973e80f321e672e45,5
0x226d1e6c589a2642a24c93b4f35f06426970e30c,10
0x64fac7193039974c6153dd3c530bac7351f94509,4
0x862c4c2dc134d59b5351ed52eaa5d15442245748,4
0xe3b47836afd5579df7c667ac89fb0880bf6a6c09,1
0xcf9531bd014a3bc4f01ea90796ae25848742506d,2
0x7456d0080ed35214b26a5e7102b292f3cf0167bc,1
0x6b1bde3d7cb5091588a3c097ecf4230e7e3e9276,4
0xaa3a97c9f39340cf2613810f5f9206014a5b31e3,1
0xa41e03270ddf9877679fca5c1c86c8d5170f9e5b,50
0x36339b5080a2d4be4bc8b5a48638f7326e093ada,1
0x43f69c24eadbd09352c97aac7182eb6cf2f61c65,1
0x305cbf40f10e8ff34052ba4d475f9c0a657cfd7a,9
0xc5179f595f82e1818542b61aee59a980e74d56df,1
0x3c8882d86b889945e5b080387da307578400ed04,1
0xf592a5bf81e750854a531e7b82ec0313a8181295,1
0x989cfde127e6cbc2e4439a6c0b964e07bfab26dc,18
0x78404c2001556ba10a208d9045721672fe71b845,1
0x188cb2068b02402f6dbb9cc7d6f9a0ab8c78637c,1
0xf065f2a89683dd8cd76ab15c686a781f0b351eab,1
0xbbb2154d13815886965c519607ddc3f9fb078ab6,2
0x366410fb1be1d5c620072872d5eadbbf8765c5e5,11
0x0354f5930e4a55d5f9236f84445c3f7207703d1b,1
0x11f3e1bb95dd03e8d8d37b32dbac1bb8268c843a,1
0xdfa342ac1c86bf1aede2fbdff0b517594a9e2827,1
0x4878ef91c57f8db651f939da18e760c46ddac52a,1
0x921442bc938dba03c841a20d4955177e65d10090,4
0x49dc75a57d936e806393389ee713646f467fbef0,3
0x56f9f1efa72e1e4ba56e74574d45c5a43624960a,1
0xe6b05f74819718b80f15a5665a71db420fd52850,2
0x7bda36e22524a44ff093fd332bfe5f60717408b2,1
0x6cd68e8f04490cd1a5a21cc97cc8bc15b47dc9eb,1
0x0c3d8fa65b08ebd46e6e9bc633f651f3dbccc69f,5
0x1ed200ffb1159b5e33f2ce1db8ba96b9d2985071,4
0x207a1868c0063039461b953b811ebe84d14da5bf,1
0x758462211063d754368c18bd6c873b81ecf61508,3
0xd90515a69c82b92992fa3c03d010accb366bf2c1,1
0xd2feb1231b39c5a3cc716956127823ab6c1c9c71,3
0x46e52acee25ddfd56788d8ff24290f310c385c6d,1
0x53be8a9afbe6c38f39f73bcb29cc87e37c1000af,2
0xd4c2000e6891e96cb5e56860d9e3cfcf18a5fee9,1
0x9a15342876e19052c3fabcef9bad8507b9623c12,10
0x1f12f614e39f93b451903de3ebafe70a3a1891fa,29
0xe46a0b010c226acd477fd4e17260e233299843d2,1
0xbf3633ed017339328a7c00a54daef8eb306c103e,1
0x84572c31acdd30c03982e27b809d30b1efbcd8f2,3
0x64a6cc69b86a3bc66e40e979cb0ad902f5239811,1
0x0595cc0e36af4d2e11b23cb446ed02eaea7f87fd,1
0x8b6ebcc80d06f8ceeff615fae15ac3d68b831d38,2
0x46d3c1fced3c378945446105ef4d608bd864e85d,3
0xb8d9dc7a6ccb451790c2808bc357b30f7d5f9031,1
0x8c204451184259598631d770f192b66909ce94bd,2
0x13e965baafda80c7501c23cbed282d5e53e3066b,1
0x9c0fe354f36fd0717e9d41e2a3c1d325f450d824,1
0x97f61a1d8cd122a00dfa0a157df742d4b4cc8ba8,1
0x783ba62e57d3d795dcecb88c9d57c88c20159134,1
0x3c387d419f2a19921d1b4e77f781db475d08fc6d,3
0x95eb4622d1d43c37098cc1fc428e89cf924a78e1,4
0x5f2d5cb0468786d3e5ce9b694f34990284ca719f,5
0xd1b8ef26e0ed9cd8b13a33386807a083ef8ff5c7,3
0x3a3fe1cb66728282116802306093e327477cbbf1,1
0x241037118e53be7fe036a94d02f155e1636c0092,8
0x6a167abe38959433aaaa984b3d50761ac60ee875,12
0xe2d59f018faf484b8b2fbe29af5d86ac8a46d2ac,6
0xe317c793ebc9d4a3732ca66e5a8fc4ffc213b989,1
0x987ff1c1bdb6b29d1d04ce4fdfca8659860cf7e8,1
0xc6f724bfc1767a540314c2dedefa3245ee486704,2
0xae3c7c4d8903a4870be505c2bfb8810e89946a97,2
0x200742d9224d792100d94b8df8f97121cdc57529,1
0x6ec584083701936ec4383c6c902c4df45d86e7e3,9
0x233c1d5915bc5ae36f1f4b3a5a901514c0b9c6ab,1
0xe14e814940ff24ed9e39577dbaa98cf5561c4943,6
0x75749be2cb9f4294b29c35e968b32c3ccd09088b,1
0xb6bf16234bf3f5ca254c5c966e9a2ed809dc46c0,3
0x0acc5cdc01d45bcad6033ef61abfa54b5d001af7,1
0x0210d724f1ec0780062118b308fe4ace14840257,1
0xbb83e02e98c7b60158573073be5e53c0d067e26b,1
0x0d1cb8327c37bf1e86e117adff73568a7f68f6fc,4
0x72f370c0c59176a80ab0dc5306cf423d8ff1f121,1
0xf927f07829834252b1d9e277c49ddc323caf69d2,4
0x67dae07fa06e19d0c6861a5b720aa3cc29aa9d83,2
0x564bca365d62bcc22db53d032f8dbd35439c9206,7
0x779e76758b5538084136132bceb6a672cacdb726,1
0xb44b8f1f521d4b0f6643481eebd43e4583232c76,1
0x352be3c2cbef366673568d76ede37a72e75fc8a5,1
0xbd22cab6d19fb4cc34978cb6d02528875ac4ebc5,1
0x87c1b757539389ee6ca076937f0728abf2bcb393,1
0xb0d4a61ab14e6c73df8ec47c5f2b9c039605bd87,5
0x4540cf740af9b51eeb2e28c9587906b8b1df3d25,75
0xbabd0a13be0d4821ab887f0aebe1bb07a2435dca,1
0x325713794954018bcf31f26ea2e5d1393506a86a,1
0xdcea423b96507c43219e8496581cd8c380d046b1,8
0x0c9e25f360807da04549a69baec94c9fda1d41a7,1
0x24f4c1abf7065264e521691b66e707c571eea28b,1
0xb9d1fb123c779b47269280d0e152ac32e40b1177,3
0x81b91f2fe0634bd524dada04f3e2c0be2df3e25e,1
0x76af55f71b031aa63fb1647219b9f213b165473f,2
0xc6579463bab5bcb90a9635bef91ccaa78fffd7b1,1
0xbb179f078bac0ff4f181f6e01606ccae883ef74d,4
0xf55824a07050904440e256881027807914b3a8f1,1
0x6a98e36ca8b9cf4b0b016442e23f54e0e5252117,1
0x9a85b9ff6bcc8f00ec0983febcb0a028ba21aab3,3
0x58c8247c7c9d3fb71b828fa44375f7d09b4d70b6,1
0x7214935f1c00bc7da78f0e3d12f3f8900b152f48,5
0x28f4cec1e53a57eadd11e139d1c0d5a7ce3d64bc,1
0xf4a36bc79439f4b100d5fdd23eef239a8cecdc73,1
0x1b99dac886eb3aaaea2d0b2333322ed81588e331,10
0x05dffc9a8703501442fc1b0a25976523edbde094,1
0x4c11c1a35efae0e765279694b74c3d573579eefa,5
0x11e7296c3c4a3fbce8bfa56443f38447633220a1,2
0x628f153cb9cc461180314e230b8df63c2b9424a4,1
0x1252bf1beea27b001d2e324069e92d83722cd40f,3
0x4d4b5bf5a24de13483cfb5f69e1605ae1a7da549,2
0x34839c39250b6eaa13a92c92e4a7dbe93734ac6f,1
0x59f9e5811e8f4a92b9c35b1d6ac7e8469eeec761,1
0x89815d38a6c9b41d993fbae2a3f0c1aec53db3ac,1
0x3027c891fb3033b599e52f3e8de760fd73610779,1
0x24c240601ca2bc99cdc03abe481eea88aef53113,1
0xa0571d59e61e661b89b2ea0dea7d71f8a0ce0699,1
0x4db35bf4a7dddd7ea8cc1bc8d425389b5c4592dd,1
0xba7d60f3c6faad832cb0589484dfa8b22d54d051,2
0x26a16cb247cd447c4e3a688c3da0c53167d95947,1
0x324b20ebeb27d3ff25f684ec39484b11ee010f37,1
0x3c2d6d7144241f1f1203c29c124585e55b58975e,1
0x8a209baf0096c81194ab9f15f39219a5c23d3d70,9
0xed35ff163dff45fb403f6bfb4ab465c58f90431d,1
0xcdbaa0e1e69a8b1edd5be599ff932f692b23548e,6
0x22dac79f7e76de97b442cfdd080fbd1be7677494,7
0xee5fe8e78add1ee7f66ac1c98414056cf05f1883,29
0xb984d384487205c9269471ba83082bb48aa785b0,1
0x60bbcd22aa6f4f69b7a3f4b93b274378aae85760,1
0xba404e59c201140b91d59503f6b9a51958211a57,1
0x1508d5451669a9eaebc518f46bd8b7b550164720,1
0x068959bba6641fa13015e649ad4acbce1f80feaa,1
0x9ece64d35d7aa170568e4e8504e26a20d90021ed,1
0xdd9d8dabc19ee139f9cdd95cd25402c982106d9c,6
0x1f916bbf39ab189a9e3d9e1823a7b1a8e9e5f204,10
0xab7456151e27d5075efff63d05abcd0f7ffb5e3c,2
0x6d7373f420e60077b15ed140c38e598514a77ff7,5
0xa01fe4888cf49ac066e6b48e0ea8c1ab1a730212,3
0xba7d5e8d8866009606ff3f5d8feee2de80886c15,4
0xa9d3e9ba035bd22e98f1f685e8a27f97a7de5a29,1
0xc060bc9cb27ebcde1773f0d0fda444b509038b05,94
0xd4f9e835087cb8a9ea2fe87c0f902c04f2b0cecf,50
0x2a1eed06f77026c40bf44aa0e3ba5a0a41e49bed,3
0x1db7f63d3f8ccd88b9b28ba168d76382a5caf626,1
0xc00993653da1a3f363cbd20643dcdfb7da5b3688,1
0x2b96ce1a66d71e70dba16af116f58bbedc7f9c9b,1
0x560b221efa49f563a6b45298b5a1d59bf814a67f,1
0x0efda65aace4a16f73eccb22eb171b8143b75c36,1
0x99ae41be061f5cfe9bd862550d91e6796af1aa25,1
0x2f2699e359500f5de8ace81567a165dba99a2be2,2
0xaff8f6b41e174101718060bbe7db38b324b8c497,1
0x30d21f7e4886b9a8f24191293c2856a11f8abda2,1
0x493ac0e84483f9a5e1ccebd36a507a622869fd61,1
0x96fd61202a698ee3eac21e247a6b209ea5ffeb91,2
0xef7f43789690ba60034088459f4b3004302ef77e,1
0x79296381bd8690482376fe355e0f68dca8bb6b4e,1
0xaada895f7339eff0f01a11fec26082abeaf10b8c,1
0x25217b4a6138350350a2ce1f97a6b0111bbfdb56,5
0x907b48135e7768191e02d49b89ff48944b2d0cb6,1
0x053f28789f9e198310e92a87dba0e30009963173,26
0xe6e01d9a3fdea516ec28a3ec980685ee0d6ef360,3
0x910119d96fcc68fc898a02b07b3a6316992af800,2
0x58e26a6ef2f0e98fb47d749925bf0879f17a6a70,1
0x6f74d9151532f6faf740cb1e5092e0d20e34c332,1
0x857ab110153ad57240ab920e93bfb549c045af55,10
0xfc982704918b59eeeb13f859f5b867feced8102b,1
0x6d0bbe84eba47434a0004fc65797b87ef1c913b7,3
0xbf2ef63aeadcaa0252b6489d24647e38ab1cf240,4
0x6d2259154e92cf71cac6286c99e528ee03f591e9,1
0x5987af467ecebaeb5366ef1ac8c64706a8f3c6c6,2
0x2fbf4964c7d8c652d33a328cc3e17cc4e7b57c44,1
0xbdd7859e256baf65c32a3079130395ca57d7104d,2
0x184e0389e7c6265740e4f0b3e8785044d7f48454,1
0xc4820cfa1b8d3ed78823fff3296e66f9c345fbc6,1
0x1c41e99f7a1992ec16cc4ac1ba2464cc5e32a71d,1
0x9ca4c3516f07bd183bb099b5015153fa6ac4c1d6,1
0xfce32053aec1ef856bb41dea916a8e327305a623,1
0x40c69a4b704ec8d58bc80b0c3eddbacfc453d2af,1
0x12f787d5833b8b65f9637a5d4bbb163b7db531e1,2
0x23de5f9956024ffa0b71f5a3bdf848654e5f9fd0,2
0x5c670052792803cd75992d977fd7068787f5c1b0,4
0x758b7a4782e7ddaa00947548c2762e74922aeca0,5
0xd6aac01503f0d12431a2c418048dfd09b57377b2,3
0x484de6813ed85da863c5735ba710c2b971fcbc88,1
0xa98e3e1a15854c4cc040cf43b1d3584333280de4,1
0x23fefb08d369833e76a63c9315d77d0b3c62d32e,6
0x3e567ffd4a3d3f3af23672096ee1606d9957bf7f,9
0x64d655736175b358a01062d2ae51fb23e1491c40,1
0x32834f5d04811c2253611ad6ffa4fbe2d1ba1d0f,34
0x16624b589419012a2817c47432762369c859b6e4,1
0xf01d40c0854010862cf40c256f60d0082b611c09,2
0x10396e8cdfbdf24db4a79de7091d8c8476916992,1
0x1711bc52bf7e0494325799717fe640f1924617b7,6
0x6f6c153f116f6c6cd2caca666da67667d56799f6,4
0x442465cbc0cd84f93c12cb1134dcdad6aa54f1aa,3
0x056bfc00230240f50181bc98923c4dab906ce833,2
0xf90953bed4bb2031f8a575204851086fc96fbff2,1
0xb2767a14cabd82d7ade23f4e810a718c64aceb7f,1
0xe6c8382ec2cb73f04ce10c982a4b337a19f63a31,1
0x310f0a2fb4e5fdaf19ebec249405bcc9e8379d37,40
0x2c15c8635b2a196e1011bd9c8d0c5860b6ad8ee3,1
0x283e8531d354d1296de7591018d7fb8aaefb1dd2,22
0xd514a955c0f94b53585ebb32c8f39c4f98d30b88,2
0x499c70580461c573088cfd387b3bee19fe4a70c0,1
0xeec4f106a72857e5a02a9d55340331d74a00305c,5
0x629d308b7f8cd98a1d237c776bfe74218b65c9c2,1
0xa9ba7c0bfe5d5c57ec89a5a03315f071d708f71a,1
0x32fcf2ee33bf6c830365dabed590262c1ee54c2b,1
0x51691de4289a82e0d9dc109b0964b7746702a6fc,1
0x12ad254146be4b056db5bf68d335b4c243a12e07,1
0x7b7736a2c07c4332ffad45a039d2117ae15e3f66,10
0x2d15d2a3b8b349d57e148abeb19ef4224e960a9d,1
0xae761c68f0d6d18ae9118dc5d9ac7beb761bffbc,2
0x9a33b79d74dacd2488a472e2119b9cb29bd02ce4,1
0x1e191b1102cc4ff23656caf3183cf6e57da45235,4
0x4bd883055bd502e7ab58a88da4854194373beeb5,5
0xe8d0648497b9797d5389e205e75d086222d8e1b5,1
0x860b37022922b75e30fccabf4790331955966e2a,1
0x40d0f1c7979cd5e91f52a0fe00a1c61b466baa15,20
0xefc61d46231deea88854b3bc31205c19b00adac7,3
0xf6518ad7786cfcf8238a225e83b1f3a3065d729d,1
0x6d0101634547d5ab2ffb01789a109a9503d44e98,3
0x9fecf056375a973308bb3d6fb6b1c230cfd21456,3
0xaefe1e920a51e471e1f6b0bf36361b51e9e0f9d8,1
0x2f59ec271bb23fcb88a01328ead107b5a9f7b75a,6
0x3b7414be92e87837d6f95d01b8e3c93ac9d20804,5
0x0c7a3320634eb37bbefc6395b4995e8b8791a73b,2
0x593fe14a9295490f109eec62f6334348bb75f0e0,4
0x30f31d4ce4f72ee8d0ca0040853f3d581008fa3d,1
0x33ed5b55ca3344e43de28a3c6f4ff9a44e870e48,1
0x1d4b9b250b1bd41daa35d94bf9204ec1b0494ee3,3
0xf025642ccf12d67c06e8ede7e8d73c0677f0c190,1
0xc889f580e0aa33de0113490249621c52a6d72735,2
0x536ceb02857caaa1c394b076d813aa130696687d,1
0xc8ef1fd6b17d93367717fdc023bb2424c50c7af0,1
0x1e260aa603bb36f3927157a157a7a4c9272cda30,1
0x622dcc8a72f2dd382bc81bbcd50a1a829cb99c34,1
0xc41ce0e183b20955fa0fd39e202adc2145a3214a,1
0x2ab73eb51f1f6832083bbf79b34a79c90ffa2aeb,2
0x0ad59c344359fdf8472e7ffbf4eb6af4751138da,1
0x9477861457123c55cd34c608068c58af2bff5dc8,7
0x7a262c8b3896b994ddef9b42605adf6644b78c18,1
0xdf1fa21aad71c50e642fca3aa4332da17bbea409,7
0x27d4e6fe4f5aca5eccf4a1c7694ace7451060bfc,1
0x7395d5ce2e2247ecf73e39f277177747ecae2704,1
0xfd1012c69ac6d41b7fc3622feb228b780f3e3564,1
0xee4c5dfe2f68a663efa9deeb5fc29b2ea3a84b19,1
0xc9c4b79bee62649d91e70f7082ff07e7dd4ac0c9,1
0x19dd9425fc3bff996d0eb3f21afb457c467d1882,1
0x2acc735a25302df3c02f3a2a6348c11aba3a7f3d,2
0x8fdbbe0e598c6d57b590686bfab40c276a1b434b,1
0xf4d02f3175daedb5b736cd11eb37a1b4b04a10ed,1
0x5a8f72b30ff02de5a14f5a275bb1c506f54d52f9,1
0x7c8fda1c9c1fef281b49e5287d42b56da800520d,1
0xa2386c047e84ec867bc62806458951259acdff74,1
0xa213588d0365da73132487822b5d41dc04bb11f4,1
0x9680541a26ff244948c41f6a29731e68c94287e8,2
0x5aceb63d52d0d7081a72f254401893ffcf81381a,100
0xfc0c78df78457c786dce38b75c1c17c518a2531e,1
0xc20ebe5f472b3324947201e86e988dc36e4fb667,3
0xbf32497793f6d60e3615f52c40c395ec14a6d8bb,1
0xca345a3b6501a82c19dd8a459db0fcd39d123b05,10
0xea506b68aa88120a939372ab746a1b35551af6f9,2
0xe72d327dc3beef111e88acaef64dbe20315da19f,1
0x114a42894df4fd56e01d55b68d102097d1b39149,1
0x11ab8022b24951a90befa2885130ef2361dd61e5,1
0x9b97b2478a461376d1861c13161e2d34ff643bde,2
0x949feebe1049cf37126ff853148b2d9c14505bd8,2
0xd8dfdf63dee280fb18795157926637d274ea0759,1
0x4646eae3b47fb811ad4b281b30a83d1077190645,1
0x0e01adf5b233d53951d910dcb1bf32de36095185,1
0x4955fcd72709e2497a407ff1ca91d1b580c93c20,1
0x1d3bf13f8f7a83390d03db5e23a950778e1d1309,1
0x6daf7e2b611b114aa1ace6b19d282ac293e574e8,3
0xb9a5b77bf9bfc177f7e23fbd9aa447712d651bae,1
0x810753828d591facd149339865a2866ca8416fc6,1
0xcde2933c2017944b46b466ab9a0dfdfa36e4c35b,2
0xbdc121cb124bd62c61ffe0954ab9420dc3d083a1,1
0x7a1f913571bec6b6bc9458d7eb34c629ba8b2cea,1
0x29add784afc033a2e7ec164898b9a835b98b3470,1
0x303425052e462dd0f3044aee17e1f5be9c7de783,47
0x0920c2148cacc810fe7b16b04055ca2e31950d11,1
0x1430fa1709afe13ef2c15449eea3e70782c38fba,2
0xcfff9d4fc0dca2c94f02a1ccacb265fef9de7c37,1
0x49aef3924a006cb6eaeaf2c2dc627fe1026f86df,2
0xd811ee46d519435bbee1d089100372c8b0f954f4,2
0x8c2ea025a44c78d0e63f52682d7a436446da7eaa,1
0xe8181f3facb0f27089ac2929c6e4447f65361286,2
0xf425710ffdbcbff78fe1da6bec448475f4568566,1
0xaeda87f3f3d68337ed3cf32d98dbbc94c380ebbc,20
0xf76b00b44f70a377ace77d5c0a4eeb6aea1a7671,1
0x023d14b7c4f30e343c94b11822c71ef7525261bb,1
0x893203672042422b7f902dde92f9bbdd5f9b0906,3
0xa65b3b3b26c8f124ac691c5c4a22dc7eef70e4cb,1
0x5e672fe3264ab1947177aaca2add08a537c31c75,1
0x8d04d93eaa033dfe41aacb54a145dc7c6c6b7436,12
0xa9c86ccbc2665ff9baf78eb418fd0151cbdda3c1,1
0x0ef8582381874780e4cdbbeaef8bfa1f9cd34dae,2
0x167ade962cb60346d2525e6a724b3c8e52e73c34,16
0x912277aaa340717e4fc2bb52001a811063c72204,1
0xab293194677ddecd8d4a7afc9bd71822b34a605f,1
0x75331ebbe0b00b97cab532384f13c9b479f074ec,29
0x87fe98f858b92a7343f39e8a317d01f59f594bcf,17
0x414533f66a8359db22c3b74733826fdfe7fcc72f,6
0x8d6662deb08786547af2c10aa609d469e545baf8,1
0x2351ca60e09a078ddfdc3ad4d00ae825ee81c113,1
0x6e7fd14c72f3b3b4edefa81f22b6c5fbf35e375a,1
0x5c9ed63c6b7f21c858634e52896281aa4a2905c1,11
0xe1fd1c0cd70f72442f447a4482c5739c09cb7731,1
0x94e098595942366912fe89cab1d836800bcc3004,5
0x84297c332d5a4edd3bd4b8c7cb58a0d1fa386ee8,2
0x5104f62ae34b5d1ae021358408d8b637f4c8ee19,1
0xcc89ec35fcecc62273603b6031f93ca692a54414,14
0x123e68b0cffaca39a1f352de1c3776dd7987cb67,1
0x5af4260ecb953d03b6899111a641639314b7ebb7,1
0x742a5eb91f0932a5126439b958e7e9993ad17106,1
0x43ec893c019cdaa192f46c90717181251691b95a,1
0x1eedcd7c2334463c51b4af75c96b983be7ed4d39,5
0x39f2bd5ed579793ebd283267f16c08770729cb4c,1
0xbc5a4c6ab4f728640c4b0932bf6a29717b9c296f,1
0x4a8ab8f9e8e2b23f86eb12688d71e260060f1d4e,1
0x66e0b6383456c2a4bb85c8a8bdbfa694a15f0ea0,1
0x3f0d4c1ffbb554f4226944be3880697204c0e83d,1
0xe373d1054561fa7bf086e2baedd67b90578511b1,6
0x24141a358980b41084a487bb39c5e0a95b6e6559,3
0x9b9f42b5324026ab79b746a6c16e5579fc177239,1
0x357a15f1d5feff777fb38ec5424cc2605c091fb8,2
0xa1d59233c5cda6b1af6a129c7e12c9ffba348eaa,5
0x2f539186a38c2368354560b121f6b93922261563,1
0x9bd2dd01cca620b45b0682f437008ab6ce166772,1
0x38fccc4ed695dab2033f62d3df1ed315fe700610,2
0xdc8b3435f88713e792584ba97d33d99f835a31c0,2
0x741fa8c3d35ef73b63b1c0e8275012dbabe96b35,1
0xdf05183d7628a71a7cc3bcde71970e5ef6bf793e,1
0x82e32d1cb3bb2b599d89adf1efcd5d2ff4613267,4
0x85a7951a4d6cbe216da59f169774510f0f172e86,1
0xb3baf826807c537219006998da8c911993de04a0,18
0x2b0c9e61b823cf51333198d973a01aed4ed19f68,1
0x5440eaff0e90400861872cb959d8fa24f57b0ecb,1
0xe7f959792dccce91908de007c395a4665c7ee977,10
0x923cc62e3e013a42ee872c5950f39c88f3c167c7,1
0xb5fded54cea7a5e2d23ee0147b3c0a1eefacdaa5,1
0x057931155d0c6355b1bd108b0fbfe9bc77d59ef0,1
0x6003b604d127fc932e95d48c40fa4fec52324f18,5
0xd04b30e276bfba8449b01ca28ab946d46076a6ab,1
0x8de32425e4016a3e872562852dab3da499ae50ce,1
0xbe86e9a6d899fcded328dd8bda94ff556837fef8,5
0xd0b8713f219d91dfaa98a3807764e700af5c5546,17
0x9736e24e989758b039ca18d21b199909f9f1e71d,1
0x3037cabe2b3e86cd48ce3063b3012ecd8a8e6d9d,5
0x8236a6524118cf20af1e9f126eb0cb51baed9220,6
0x204bb13efc3e48ec85381be63f7cd0e97fb1a973,1
0x238faada3d4a6433bcd4a32870ba9cf963fbb5b8,1
0xf726238ce236ca48a776559488d366959916443b,3
0x3927c6d7ac022576c29988d893e824e1eaa26e4d,1
0xc8a38f838b7951ab533be6d378ebe298fb41b25f,1
0xf3faaa5a7910a5a8ca5fc238c0c26d4547e63cb3,1
0x011fb3d35fcaf3f337d1d850d83019db65d1cfe5,1
0xd297a2e732537f9ffb2da53816fc84c7a50a11c2,1
0x6ea99c412fb364ecfdf97433dd60d9c2b4b85812,1
0x5c83ee5c5db6ade2cf29c1c4806a05a53ed6182d,2
0x53a5a08ec4a05314eca787912f878f6533326431,1
0x7b28f41f16c58bcd52db383b4d365553c768c9e1,1
0x570b284899b14ca612f99745287e12ffea6419bb,1
0xe540a8d94bd379c4d9c0478c8fe9f7fe7f0b06e1,1
0x5855504684cb18add83e8893baea20114ce7fb5b,1
0x3332e118c00d73dc7c93008f0a482b449d1b0548,1
0x797ff70db11e7bbd123481f46f6d99edceef72f6,1
0x3542579b19cb2f6a4341eef8831f48fc3e65a71b,1
0x744c50c322a5440149633574aef44038e7eb0b17,1
0x25a940bc0cdf97b7a5ba9c76b6b048153f8ee247,1
0xcfd648eb66b736351f48dbd5a1752708371c10f4,1
0xd65a31763bd56d7d7ad897fdd3a66f0d94360608,1
0x96180dd7671507f5446ecd13adbf1e54c48a6e97,1
0x3a346c93bde41d37be1e0671a021bc71da5ccb1c,2
0xacd5f5d5cbcb52bdf424a87d9c66ce4b29d62f63,3
0xb60453f825414620ee8c815a664fad52b1030d8f,2
0x1f11ecfa5aafb66315dcf57c7bb7dca9a079ddbe,1
0x452babfcbcb5e007ef1c982877416fdc5c51eee9,1
0x5bef93a613d78b3ff56c2439d3ae58a26b3353c1,1
0xcabf12b9d07d5cb30bbf659eeb7921a15e55217d,1
0xd3fe771a35d1c7aabcb2a19aeee7b22e625d0fb4,1
0x49a210f5fe8fc27f617e4470778867cfda8c1628,1
0x6e2c66714c7776ba899eec89f1aabe97db7d50bc,1
0x7b434f7def58bcecb5fe1cbad983ab2da3c52c82,1
0xcbcfb5360f1bf7d55d9e529e298ecd439fd353fc,1
0xff2ba16fd74389907f4e9ad808ef6c6b25e7e5c5,10
0x6f5ce4039a89915aede563c6952870105477bdbc,1
0x5301211fe74a8dbcf60100f69b05895a8ac91398,1
0x18e962571299ee31ccdb1c572272dc3991398808,1
0xd513985924e8cb9b06c0933057c877ac7b3b4585,1
0x358d169cba881c03e5754baf97873d5e32100fcb,6
0x97678245da77b863749753fa8fead68a59a5b3a6,1
0xfbf2b907460ce7784bdeb4e70ec832ea03633380,1
0x8fb0c9fa9839893eda9e611855efff58200f03ae,1
0x277c74f45724945b2066f305fcb5a609312390e2,1
0x4a9d6ddba249b2ddbe77639f15980c52860ba2ab,1
0x113883eb24a8a7fe6edde3cf517cc0f4c470c2f0,1
0xa339870745598b61ee30e6df7ac38a6fb0c44426,1
0x022d861f369a3c6202b44901933047592e6f60e2,1
0x75cbb350a80d7bea98bfb13e76fb8d390b073707,1
0x26f3afacf8b4c462cb2635b516db7888dee73813,1
0x921f8fa536722c28659cef1dde80830041f78843,1
0xb23b971e1373db3f6c3b10c16deca19357d2c6e7,1
0x2c0eea606130dacef1271a826869f9f8087353d2,6
0x6cbc72c57938e3acd36ab74cdffdff1093eef28a,1
0xadf1c06c537c1627cc61add927b45a5319d3c2a0,1
0xa02f47c81f411e572aeb58f6056512657559b40e,1
0xb6add2bb3fd4aa6dcd6c663346685f8f18acc1e2,1
0x0f6d841c30f137ce6586cf3ee64c76199640cd9e,1
0xf731db82c079707bb35c1bf80f8f6c9f078be78b,1
0xf7c23ee9d0e036147136ec9d0089b00d33d7532d,1
0x6d02482eacf2e9f5d97160231291c26ebca8de19,1
0x1c1d8ee11b6538bc7be4dcba00fac7243cbea75c,1
0xdaf378a09efc656df500cc676a90bb4db8e0b919,1
0x38d53c139419e0409b68dd6226774b824c2bb957,1
0xeca345b5c749b8a9299b154fb036020e13394eb7,2
0xb4e916905f848afe872c94b50783d228a38bee11,2
0x268c284a606d3f72b61c8bfc6a932f4f10bda5e8,1
0xf41afd9ffb150b01c64368769e7675b532fcfd0f,40
0x86d961469a2547bfa7103da91e6a0339a1249a31,1
0xae1e9e3851c8018a36bd23141555b4d2cc1d5ff6,3
0x12fb15e73dce91ee9b235a7c6b04bca01ce4c577,2
0x2a4735ac106bc3e9af357017cd2768a2005afe92,1
0xf2021a6ad0c141e616ddb5e2e23a22e34f5c87a0,1
0x804d46ed527d08e1e6aea84211bc1c3ef752edf2,1
0xf23f381738760d8a5786a4bec18e70479af537fd,1